tid,customer_name,flight_no,date
32034424,Helen Levine,SN7986,2008-09-01 20:40:56
74517974,Julie Willis,JM8367,2012-01-28 18:45:17
92156492,Kevin Clements,ZX57891,2014-01-10 15:49:59
39695006,Robert Reed,FA32754,2014-08-05 13:32:04
98737277,Henry Henson,KT89817,2009-12-02 04:32:06
14788812,Jerry Pugh,ZI61647,2013-10-07 13:50:19
12404946,Samantha Ponce,OP23610,2014-08-14 15:49:37
72692998,Julie Baker,DK67272,2007-11-18 18:41:37
98927437,Danielle Pittman,KA92025,2015-07-31 04:02:39
7746123,Gregory Burgess,SP50711,2013-08-25 16:54:20
13321423,Michelle Mclaughlin,WK72808,2015-10-05 21:25:16
33688736,Billy Walsh,SL86961,2013-06-07 09:40:53
63303332,Philip Andrade,EO41937,2013-09-20 01:39:55
93295766,Janice Jimenez,MM72177,2016-06-26 14:32:57
3631677,Ruth Horton,GR16721,2014-02-24 04:09:29
38207179,Linda Richmond,MR95925,2007-11-17 21:49:53
12209586,Frank Conley,SP50711,2013-10-08 05:53:03
87592241,Kevin Wolfe,KH31367,2013-05-27 07:07:46
10137219,Edward Hamilton,GS78309,2016-02-02 11:52:07
19270020,Walter Carson,CG76543,2011-09-14 10:20:53
6865184,Kathy Morgan,XK77493,2009-12-14 21:58:20
14625158,Ann Sparks,TX29329,2009-09-23 18:57:40
98708994,Hannah Ryan,DA31311,2016-07-19 10:44:37
45015888,Brian Farmer,RI74452,2008-07-25 19:32:46
71694817,Betty Odom,YD50529,2009-10-11 21:40:49
17979440,Lisa Sharp,EG36899,2008-01-13 00:22:33
23611171,Brenda Montes,XW7298,2012-04-19 01:45:22
79221987,Laura Morton,GP5682,2013-09-05 17:12:30
6253647,Brian Reid,GG41387,2011-12-25 02:55:17
72198953,Jacob Rios,FV61469,2015-06-24 05:32:45
75810770,Jeffrey Mcguire,LK57061,2012-09-29 21:41:51
33875853,Gerald Taylor,GV59374,2013-02-04 01:52:53
49903829,Amanda Randall,IK54133,2016-09-12 08:25:50
88341014,Alice Miranda,UW43156,2012-03-20 05:12:14
57749756,Ruth Lee,QK93919,2013-11-03 23:24:15
69802468,Jennifer Duarte,OB80774,2008-08-19 00:50:03
36306272,Zachary Hudson,GZ31309,2010-06-27 09:59:21
83512470,Victoria Carney,HP34353,2011-08-17 12:51:20
82274277,Jason Esparza,PC52277,2007-08-25 21:37:00
29141026,Shirley Barrett,GN8709,2010-10-31 19:48:44
57293477,Rose George,OM93376,2010-11-16 21:33:49
67050974,Kyle Sellers,QT92814,2008-03-13 03:29:53
98661180,Grace Rollins,JZ93357,2016-05-22 05:07:48
16130472,Gabriel George,ES31497,2014-01-20 07:33:46
36502933,Hannah Ayers,PO86109,2008-11-15 18:01:22
49914921,John Blackwell,KD51582,2011-07-30 17:48:27
29368541,Benjamin Macdonald,EF2779,2009-07-01 19:01:50
89061666,Christine Cooke,IQ38342,2010-10-24 03:56:17
55352132,Raymond Mata,HN37958,2010-01-04 23:31:30
24729710,Albert Savage,LC65250,2009-10-26 01:31:55
15617576,Brian Rice,KX81839,2010-10-19 14:22:51
21900851,Katherine Ramsey,SM50048,2008-12-24 19:50:42
31411010,Joan Macdonald,HZ96369,2014-06-01 06:40:27
63194279,Megan Chen,PD57778,2015-05-04 18:53:31
6201406,Peter Howell,GS83168,2012-08-22 12:17:21
92535478,Mary Reyes,UK69620,2012-10-20 09:32:28
51899141,Linda Sosa,AN14152,2016-05-11 22:40:57
51975350,Jerry Walker,GE95300,2009-03-11 14:17:42
20023312,Harry May,EC17107,2013-06-04 06:26:12
9895788,Patrick Ferrell,WR2271,2008-08-09 09:03:33
94107076,Lori Oneill,ZS22679,2009-09-08 22:19:51
41434486,Alan Lopez,GZ65673,2014-07-12 10:46:47
55603832,Harry Bradshaw,OB47767,2015-07-23 15:23:21
42101750,Doris Cantu,QT29272,2012-01-01 11:51:51
67222323,Janice Foster,WP34592,2008-10-15 16:35:06
39451277,Dorothy Brady,ML44837,2013-04-14 22:11:18
88241723,Rebecca Wright,VW42092,2015-06-04 05:21:18
59941346,Gerald Yang,US77027,2012-11-15 16:39:56
63205903,Patricia Barrera,WG96647,2013-12-05 12:45:02
44144787,Stephen Horne,KZ42513,2015-11-18 06:54:23
32793876,Nicole Odonnell,IG73816,2012-08-19 04:40:21
99676849,Jacqueline Mckinney,RD11725,2015-04-22 07:11:08
96660412,Daniel Case,KB59447,2008-06-15 18:31:00
31699532,Alice Zhang,OA8122,2015-05-29 15:40:53
30717417,Jean Livingston,BJ75109,2014-06-10 13:47:37
51388007,Terry Richard,UC34329,2010-03-28 18:48:48
45821533,Pamela Frost,DL80273,2008-08-14 11:26:21
44159169,Arthur Curry,KC79868,2014-09-11 04:16:34
3730669,Emma Coffey,BP73851,2008-05-28 16:08:48
87341808,Joyce Brown,XN26036,2016-06-06 23:59:30
27569243,Bruce Eaton,HE1776,2015-05-02 02:33:15
36459365,Kimberly Ibarra,MX93206,2013-06-06 18:37:51
33127595,Ryan Finley,AH57653,2010-08-04 18:03:10
60024591,Lisa Aguilar,XM18822,2010-06-13 10:37:26
36739701,Dennis Hodges,RQ3642,2015-10-10 06:56:02
19226050,Keith Fitzpatrick,OV86007,2011-10-12 10:00:07
19091797,Mark West,NV54044,2010-01-07 16:45:27
38947799,Eric Peterson,VP72234,2016-04-20 11:13:09
58045999,Benjamin Solis,MO43446,2008-05-08 13:36:20
12906185,Gloria Ali,LF81476,2015-06-01 15:10:45
97798273,Rachel Guerrero,HN8544,2012-03-05 17:16:21
43403327,Hannah Hooper,AH45152,2013-09-15 02:27:40
59720694,Philip Good,SV85538,2011-10-23 07:55:12
9695864,Judith Stevenson,SP39292,2014-11-02 23:35:52
44163746,Randy Robinson,SC31317,2012-07-29 10:46:54
79815251,Evelyn Oliver,EJ6631,2008-04-12 22:59:08
14474501,Jacqueline Wallace,HR16425,2009-08-21 21:02:49
48976171,Jacob Gross,JC55767,2016-01-05 23:40:02
81969298,Jose Caldwell,XY31110,2012-08-25 22:45:05
31924540,Jason Mclean,VT88898,2011-11-15 14:50:08
13496730,Deborah Torres,QE57781,2013-02-02 13:52:15
92070506,Jeremy Munoz,VI84203,2015-10-30 10:36:47
49605316,Gary Gray,IE22686,2010-04-24 02:42:55
3023320,Mark Hansen,IA8700,2010-02-26 05:25:29
53094943,Cheryl Bond,NX59230,2015-08-21 01:58:08
77445575,Dylan Daugherty,EW43704,2014-09-15 05:50:16
63059376,Amber Kelly,JN99474,2015-07-01 20:43:43
71864596,Juan Cuevas,HL21385,2011-10-14 18:46:52
77292524,Benjamin Graves,KS44720,2014-02-16 16:11:35
54153252,Maria Pham,FD69254,2008-06-12 03:06:11
76678779,Judy Powell,AU1087,2012-10-11 01:54:18
6277180,Timothy Frye,TK68296,2016-04-16 14:22:53
95001299,Catherine Harrison,FA69988,2013-06-28 06:37:07
24275341,Marilyn Cabrera,KB97937,2012-04-13 21:13:29
20692280,Kelly Hayden,CD89324,2016-07-21 21:29:28
26922176,Maria Bridges,BT19158,2010-09-24 19:43:21
68827563,Michelle Duffy,RU65047,2009-05-29 19:17:03
96634172,Maria Shaffer,VH87572,2010-04-09 21:10:31
57052023,Noah Gardner,UF4745,2011-09-02 13:36:34
73805608,Arthur Gill,WW19292,2013-10-11 02:15:52
42844414,Rebecca Guerra,DN53573,2012-05-18 14:12:09
48944686,Nathan Pollard,HF63458,2014-02-28 04:38:38
2033798,Debra Wood,GC14537,2009-03-17 00:13:50
88998931,Theresa Mccall,WW81462,2012-05-27 08:55:57
37297056,Jordan Braun,FH25908,2009-07-25 08:54:28
8144969,Alan Lynn,EP95227,2015-01-12 13:48:06
5260301,Walter Roman,CB79133,2008-01-24 04:41:07
19833162,Philip Warner,PR87980,2008-12-15 06:44:09
80911687,Carol Duarte,NL50432,2011-09-04 20:51:02
69131994,Nicole Cook,QM82255,2009-06-03 09:05:08
28402289,Ryan Foley,OQ4749,2014-04-13 13:16:18
15192725,Lori Bruce,DA31311,2016-10-12 22:52:47
86877619,Janice Houston,GJ46312,2010-08-14 11:18:02
29388076,George Cummings,GF41900,2014-03-03 03:28:07
2428110,Rachel Donaldson,IK20500,2014-11-09 20:43:26
19141125,Michelle Liu,KG50445,2014-03-20 10:46:53
85297697,Tammy Trevino,FA8355,2012-02-07 08:44:38
58370126,Richard Hancock,WM49280,2015-01-12 20:51:30
15685300,Nicole Cummings,OG36583,2008-10-18 00:32:59
85460964,Gregory Church,NA58482,2009-04-06 09:48:21
60820841,Christine Mcgrath,OA22765,2009-10-01 07:15:41
12328821,Janet Nichols,XJ26850,2010-01-25 03:21:49
11274812,James Clarke,BF74090,2012-03-22 10:56:54
87339747,Evelyn Calhoun,ZL3564,2010-08-29 06:31:47
71824972,Christian Ferguson,NW36033,2010-06-16 23:32:57
92951062,Andrew Hodges,FM8979,2008-11-04 02:31:59
82025790,Jean Nolan,ZV94169,2016-01-14 19:26:34
95734569,Dylan Edwards,ZR70636,2012-10-16 02:44:40
73991248,Deborah Chavez,MP9196,2014-07-21 19:32:08
85730819,Larry Vaughn,UG12128,2010-08-12 07:15:43
74959145,Anna Robertson,CZ30950,2009-12-03 09:30:18
15186574,Michelle Conway,WD83662,2012-03-15 03:34:06
48182399,Kelly Holt,VY37113,2010-01-28 00:51:52
3511664,Stephanie Greer,QT92814,2008-02-20 10:33:58
73734398,Justin Wilkinson,JV53555,2012-10-11 10:42:32
44294792,Michelle Washington,CV26155,2016-10-21 15:18:54
71081555,Lisa West,NQ56691,2013-03-28 16:46:05
19474998,Peter Stein,CJ79839,2013-03-28 09:45:15
96279583,Tyler Whitney,CZ30950,2009-08-29 16:30:42
25245298,Charles Downs,PJ64325,2013-06-11 17:12:44
46761802,Kyle Galvan,FS64119,2016-02-21 02:08:40
98010435,Edward Andrade,WM57126,2014-05-22 01:19:29
27667139,Jesse Cisneros,SU10653,2011-03-16 23:57:17
89142655,Teresa Estrada,IC40412,2007-08-29 06:49:18
79805810,Sandra Brandt,XA33441,2013-12-14 16:45:10
83205989,Joseph Hoover,UB52383,2014-04-05 07:37:52
2535626,Eugene Eaton,DM66102,2015-06-21 02:54:43
68042045,Donald Dodson,UB71431,2010-04-08 01:58:46
77755983,Maria Haynes,XQ71390,2009-12-04 19:58:11
95727253,Billy Gates,WF30325,2014-01-22 16:02:57
8479042,Jack Gay,WW19670,2008-11-04 16:36:32
36259120,Carolyn Torres,TE3062,2010-12-28 06:18:43
75953566,Mark York,JS28819,2015-09-30 09:22:36
76638207,Howard Dalton,KP54876,2016-06-04 10:42:45
14666924,Cynthia Schwartz,BH76577,2007-12-27 20:47:30
72559511,Frank Ponce,PP10198,2015-07-02 06:43:37
89487734,Joyce Bray,HP30450,2016-05-23 00:12:59
91407587,David Blevins,UB66012,2008-10-30 19:47:37
50035863,Jennifer Wilson,NV54044,2009-12-27 21:12:31
58292459,Douglas Fischer,HT78401,2016-03-31 16:50:17
23663482,Kyle Rush,YM10402,2007-10-02 18:58:35
85644687,Tiffany Mcconnell,IG25657,2009-01-24 14:49:09
87515154,Diane Schroeder,NW67894,2013-07-05 07:07:57
87721039,Hannah Rowland,PF80511,2013-07-13 09:14:20
14019788,Amber Waters,SJ48286,2013-07-08 15:35:20
40336071,Rachel Smith,XR83580,2016-01-08 02:41:41
63835561,Juan Flores,GU29059,2015-10-05 06:23:11
25517452,Gary Woodard,IM64686,2014-04-05 19:37:25
51603517,Ethan Bernard,ZC18254,2015-03-15 17:44:26
12690752,Keith Gray,OI45862,2009-09-14 00:27:04
37422280,Jerry Hunter,BA18459,2012-08-22 10:37:13
34994474,Austin Mcneil,VG45595,2014-08-15 02:48:19
86654753,Maria Day,RC48824,2015-02-21 18:07:40
35719999,Scott Owen,PE46725,2010-01-03 23:38:16
81188150,Catherine Lester,VT97422,2009-03-23 16:49:46
3335186,Olivia Rhodes,GK10000,2012-10-02 14:51:38
61881669,Tyler Spears,KF19465,2007-10-29 05:25:55
75778394,Jacqueline Rice,BU97299,2010-09-07 16:22:26
27734434,Jacob Buchanan,IY5652,2010-08-09 03:24:44
38386265,Katherine Conner,YP70181,2008-05-22 02:53:32
23893503,Sarah Dickerson,NE3398,2009-06-03 21:29:46
57665408,Marie Schneider,VK47096,2008-07-23 07:01:51
4905467,Thomas Mccann,UH35669,2014-01-06 13:15:58
23598518,Linda Wolfe,QR30707,2009-08-04 01:23:44
31869746,Nancy Hendricks,EB71384,2014-06-08 20:48:09
81815233,Kimberly Watson,XK77493,2010-04-13 11:22:32
45500260,Vincent Mathews,NN66746,2013-03-14 00:21:05
39894125,Jessica Friedman,AU84769,2009-01-29 15:03:11
22183794,Sarah Wise,DR49675,2016-04-01 22:04:28
97812260,Keith Jacobson,JT16653,2016-04-06 17:09:21
65951914,Rose Greer,QQ79448,2010-09-09 22:15:55
21454284,Bobby Barber,MS3757,2014-12-06 19:18:40
75345839,Sandra Branch,FS38481,2016-01-21 00:29:06
52911486,Kyle Pitts,BA24466,2011-12-17 22:16:48
35933264,Heather Jacobs,KF73344,2010-07-28 13:01:55
34274995,Andrew Gallegos,YF82974,2011-04-06 12:26:59
36159073,Randy Calhoun,PQ77059,2016-08-30 14:15:17
85644619,Alice Singh,SG64457,2012-05-24 12:33:48
59672477,Jason Nelson,XK25365,2013-12-31 11:03:19
13638685,Nancy Hines,RN23992,2014-06-22 17:16:41
90651363,Bruce Haley,CD37981,2007-12-18 03:47:05
90540521,Ann Gardner,FA8355,2012-02-12 02:49:34
61347952,Richard Eaton,TX29329,2009-08-24 19:01:36
23095312,Olivia Vance,FI96664,2011-04-04 00:53:22
29728100,Gerald Cummings,BK56988,2012-12-22 16:43:27
36179549,Lawrence Caldwell,TZ86642,2014-02-10 09:43:32
22571916,Adam Benton,JB55674,2013-05-11 14:13:29
38638350,Ann David,UV25697,2007-12-09 01:59:32
14501646,Kimberly Wiggins,RI74452,2008-06-26 04:18:34
26491864,Nicole Dean,IP78345,2008-05-25 07:31:44
9761363,Eric Ritter,MJ52364,2015-02-17 22:20:51
4356338,Rebecca Newman,JC36741,2012-03-31 11:40:32
67556729,Donald Spears,ZA29662,2009-08-30 16:37:17
15810648,David Mccoy,NV54044,2010-04-07 01:35:19
80481138,Mark Roach,VM95671,2015-10-26 19:13:54
12647493,Dylan Spence,SR46488,2010-07-20 23:01:58
41577166,Denise Monroe,YA99062,2011-02-10 01:53:47
6276379,Christopher Marsh,CR24472,2012-05-17 04:54:49
73141278,Jean Mccullough,HJ85362,2013-05-07 12:36:29
31502714,Alan Lane,SJ17421,2008-01-19 20:48:02
89341976,Kevin Vargas,IM69186,2011-01-09 12:25:53
88846977,Diane Soto,AO17241,2008-11-21 09:39:08
79473245,Jean Oliver,TV61108,2010-04-12 01:20:21
10951476,Michael Mcbride,UQ13793,2010-09-20 02:32:48
33446886,Johnny Franklin,GY87129,2010-08-12 21:07:49
42495878,Samuel Bernard,SM74569,2014-04-10 09:18:25
4091028,Jeremy Carrillo,WC63710,2016-04-21 00:14:23
72165882,Patrick Mann,PL21385,2012-01-16 13:44:44
59200356,Beverly Vance,UH46295,2012-04-21 11:13:58
42200274,Joyce Moyer,HM18417,2011-01-11 19:25:18
89198775,Bryan Vance,HG60148,2012-09-08 21:31:49
51202837,Richard Noble,YN17032,2012-11-21 15:08:11
92604718,Jean Glenn,UE36312,2014-01-05 08:09:03
7825400,Charles Reeves,VO49140,2011-11-18 17:19:18
82322694,Deborah Todd,MA96348,2015-02-23 01:32:38
37489547,Russell Galvan,ZJ68882,2012-11-16 12:16:15
84012797,Nicole Vance,WJ96301,2008-02-02 23:07:32
84252190,Joan Faulkner,IU59654,2015-02-25 12:23:13
4997494,Zachary Rocha,RQ49940,2012-05-02 09:23:39
46735726,Carolyn Carter,FE62194,2010-10-19 11:36:07
62210178,Charles Aguilar,BQ77127,2007-12-16 19:33:17
88025819,Raymond Webb,OJ9018,2011-05-26 23:42:32
43021520,Diana Cisneros,DI25970,2010-12-27 22:02:45
49992824,Bruce Moyer,KR81364,2016-07-10 09:16:27
39098949,Mary Romero,VK49763,2013-08-10 17:17:50
99717679,Wayne Hobbs,II35332,2015-03-03 00:38:07
76066686,Tyler Vega,MY85076,2016-04-23 02:36:21
21859420,Anna Harrell,DZ9281,2007-09-29 04:50:24
95149974,Robert James,ET90141,2007-08-20 04:48:49
16092077,Margaret Dennis,EQ22185,2008-04-07 08:06:36
87851102,Brittany Rojas,XV9756,2008-04-06 16:23:06
74587468,Douglas Melendez,DJ2331,2015-12-27 10:21:21
7277299,Amanda Gates,ZJ13983,2008-03-15 14:37:35
10025293,Amber Thomas,YV92461,2016-02-25 22:16:39
95674775,Kevin Pacheco,IE65500,2011-09-03 05:01:38
31381445,Juan Preston,BW46125,2008-07-10 12:37:06
64717372,Helen Morrow,WG38051,2009-06-24 17:14:18
62066991,Peter Dillon,XS81835,2014-12-07 23:43:05
35157310,Louis Gentry,ZF49779,2008-04-02 08:53:17
11688101,Beverly Stafford,PV4488,2013-04-17 03:45:40
61451005,Rebecca Harper,HR92829,2012-10-12 22:28:49
8848055,Rachel Frye,QE35889,2013-10-07 11:19:20
77023668,Amanda Murphy,QX24130,2016-07-06 15:51:47
77135541,Jane Montgomery,GZ19623,2007-08-02 19:12:45
66489419,Jane Brewer,IP48517,2013-05-29 23:24:32
60195594,Roger Carson,MX93774,2009-04-11 09:04:49
30816888,Tammy Dawson,UH21306,2016-06-08 23:10:24
38938562,Andrea Irwin,XS81835,2015-01-20 14:23:02
7030512,Harold Lane,TG94880,2011-01-30 12:13:30
34269169,Olivia Bender,DU6479,2008-10-01 02:04:41
82385507,Lisa Daniels,EF2779,2009-07-12 22:32:22
85185486,Gabriel Fowler,XV9756,2008-07-29 16:05:40
98421986,Peter Mcguire,LF42418,2009-08-05 16:30:39
5317201,David Hansen,VP47088,2012-03-29 20:39:29
55498065,Jeremy Simmons,UO72422,2012-10-26 16:01:19
11510746,Martha Powell,JV53555,2012-11-26 03:01:04
29452450,Terry Kramer,GF41900,2014-03-09 00:10:19
59602615,Jason Morse,BC85187,2007-11-16 12:29:44
82315810,Bobby Holloway,WX78747,2016-10-19 04:48:21
46745283,Grace Johnson,LW29355,2009-08-04 03:44:20
34145535,Pamela Herrera,TJ51276,2015-05-23 08:59:33
78000913,Sandra Lucas,JY53336,2010-10-28 19:53:16
11431358,Dorothy Villarreal,PE94521,2010-03-02 01:37:47
26391251,Anthony Aguilar,IQ33911,2008-06-21 23:27:03
68704709,Jeremy Olson,GN13820,2008-07-10 01:47:18
87822157,Johnny Gordon,ZY77865,2007-12-31 20:23:53
48975833,Anthony Wiley,WX65665,2009-08-25 12:58:08
13413536,Russell Cervantes,FW73904,2011-11-22 23:45:17
43366596,Kyle Farley,QR78520,2015-11-13 02:33:47
13210243,Walter Bolton,VY73776,2015-09-20 16:07:13
77685197,Scott Navarro,HG60148,2012-05-31 22:33:02
9582549,Kelly Gould,EH87551,2016-02-24 00:43:49
14466760,Stephanie Morris,GJ20516,2014-05-12 15:58:31
20175882,Stephen Shah,NM31297,2008-04-27 09:20:59
78033266,Andrea Phillips,ZD42825,2015-12-08 20:46:47
27008162,Jane Fields,SY93753,2014-10-13 01:05:49
15114054,Jessica Curtis,JY68751,2008-03-24 23:36:23
25711375,Ralph Pugh,YC68067,2013-09-25 18:27:00
16283590,Walter Ewing,SJ77569,2013-05-24 10:08:49
79022989,Eric Patton,JP68804,2011-01-10 04:35:14
83976694,Roy Brown,VY84247,2012-12-05 19:10:41
85676013,Andrea Patterson,WH69294,2012-03-07 23:49:14
69303111,John Ward,BL43128,2011-01-18 09:54:14
4406243,Adam Hernandez,MJ32986,2009-04-30 01:11:42
87391328,Philip Downs,LX61998,2009-07-02 23:18:08
84594108,Ryan Alexander,DN84324,2014-11-05 01:01:26
92958139,Jason Sandoval,BX63764,2009-03-23 23:42:03
23281844,Andrew Tapia,VX70693,2011-12-11 23:09:21
67759997,Carl Holmes,VO48707,2010-12-30 05:30:44
89281346,Gerald Martinez,UH82834,2013-06-14 12:34:14
12049081,Sandra York,FV13252,2009-12-16 17:01:33
7465732,Jeremy Cannon,OI39029,2007-12-31 07:30:35
79825471,Kenneth Mcpherson,BF74699,2010-12-29 04:55:24
59915490,Grace Moses,QJ18778,2008-01-26 23:36:09
20713194,Ronald Rhodes,ET40903,2011-04-25 18:37:39
37637944,Christina Hoover,MO69410,2009-12-11 21:58:03
20319847,Christina Weeks,DF23597,2014-02-14 07:50:59
69604308,Martha Cruz,KO37587,2008-07-21 20:57:54
75297955,Lori Good,VF11655,2013-01-01 09:06:34
83618297,Dennis Krause,AG31158,2008-10-03 12:57:43
15882439,Howard Cordova,IK46968,2013-04-27 18:02:38
5920701,Bruce Garner,GS3028,2014-05-14 20:52:58
91056352,Russell Carey,NE64768,2014-10-29 02:51:41
18480492,Dorothy Deleon,UU13353,2014-08-10 19:01:18
59079974,Lauren Espinoza,YF10303,2016-04-13 00:03:08
7440764,Katherine Wall,UN27647,2015-12-03 15:42:42
62781927,Anna Giles,IF63274,2008-05-21 02:20:58
81694000,Andrea Mcintosh,OT64479,2013-01-25 14:17:38
45765724,Nathan Potter,QP73906,2014-11-08 05:17:57
6570896,Evelyn Rice,QF13260,2009-02-28 16:29:19
65438299,Kathryn Shaffer,EF67822,2016-01-12 11:45:17
70475181,Johnny Cooper,XO37434,2014-12-02 01:59:07
14954657,Joan Nielsen,GZ11629,2016-02-09 08:43:42
84403301,Raymond Pope,RD11725,2015-01-07 01:30:03
1120388,Robert Morgan,VO38373,2015-09-28 23:06:54
86075062,Madison Lopez,DN84324,2014-09-18 21:34:41
39633933,Keith Key,XW20988,2010-11-26 23:10:35
82600583,Christopher Levy,IK18529,2014-10-06 01:49:44
53369073,Carl Wise,QX46270,2010-09-04 21:10:20
92263497,Kayla Patrick,FM51252,2009-01-20 13:25:01
68728655,Juan Whitney,XB29896,2013-01-03 12:11:54
18964533,Samantha Pruitt,YD66937,2008-09-12 09:04:58
43420837,Helen Mcgrath,IH15091,2011-04-13 06:48:16
56929047,Gary Glover,NY12329,2016-07-20 01:45:01
60697346,Angela Dyer,PK9697,2013-03-18 05:29:31
34455451,Keith Patrick,IB78020,2010-10-28 19:40:18
98318631,Vincent Carey,FH43597,2016-06-28 13:46:09
48055549,Anna Mooney,XB72865,2012-09-01 15:13:43
91120201,Cheryl Mcclain,VW63803,2014-05-23 14:21:16
25353616,Edward Pham,RD47576,2015-07-28 03:05:30
5692573,Virginia Bond,DQ42613,2012-08-22 22:31:41
37872607,Sean Melton,QM86560,2012-08-09 15:51:00
22371206,Evelyn Meyers,AZ52920,2016-09-04 06:15:12
31202309,Billy Cole,TJ68101,2015-02-01 12:31:46
47673570,Madison Kemp,QQ23539,2008-06-27 07:14:50
15341475,Sharon Mata,MF68191,2009-10-31 11:35:01
77618961,Marilyn Blair,NJ76818,2011-09-19 08:08:21
67360119,Susan Molina,EV33074,2013-10-13 11:01:03
60323892,Willie Bowers,KV31864,2011-01-28 10:34:04
63683206,Jeffrey Mckee,BW40433,2009-07-12 15:21:30
61690102,Denise Walter,FW64502,2009-04-02 07:45:47
71836425,Debra Morgan,SQ49631,2016-01-03 15:15:03
1571280,Ronald Bautista,TX25285,2012-07-05 10:29:07
73266736,Timothy Vang,QP73906,2014-12-14 14:14:11
66792317,Ashley Braun,NV54044,2009-12-05 02:30:28
11221792,Julia Fischer,ZU74280,2007-12-19 04:54:56
73773933,Mark Rodgers,EI65750,2007-12-13 14:19:27
42715084,Christopher Shelton,PT22723,2011-12-12 10:45:34
2977925,Paul Rush,LQ29294,2015-04-17 17:56:36
64287843,Anna Terry,EN8979,2008-11-30 19:40:37
12638808,Stephen Petersen,TP96079,2008-03-16 23:13:24
78135656,Joseph Wiggins,UR76358,2014-08-02 02:16:49
64566331,Megan Bailey,EU65884,2012-08-30 21:37:15
5266302,Brandon Clayton,SV48449,2014-11-21 17:23:23
70970109,Gary Soto,VC48775,2008-01-13 16:55:56
11062084,Carl West,TY65644,2009-07-01 20:28:20
68077354,Adam Meadows,QV32274,2008-03-19 06:15:29
92457853,Rose Roman,JN99474,2015-10-27 10:08:33
87592480,Teresa Howe,VT83978,2014-02-21 00:22:37
6648491,Jonathan Hernandez,GV86620,2014-11-22 05:36:25
10960351,Debra Scott,PK88819,2013-12-10 07:59:35
69000899,Keith Gillespie,QE29435,2009-07-06 04:02:57
57411360,Jesse Arnold,AC82854,2008-03-10 06:03:13
30485470,Albert Farrell,BP99715,2015-12-12 23:24:56
61653853,Kevin Ramsey,WJ36226,2012-10-20 10:10:15
24441928,Philip Figueroa,YR38190,2007-12-25 07:00:10
98628298,David Stevenson,MW41037,2011-04-08 06:03:09
10461351,Matthew Nielsen,AU96400,2013-03-06 23:17:23
54896842,Ethan Bryant,QB3260,2010-09-06 06:51:53
74802227,Sean Lyons,KV74268,2011-04-19 20:18:00
51477149,Raymond Rojas,MB26902,2015-09-26 10:35:12
97720457,Sara Jarvis,SW54896,2012-04-28 19:40:17
84824789,Vincent Schmidt,ZR61055,2012-07-16 23:47:45
56120874,Richard Mccall,LH79079,2009-08-08 10:06:36
72575406,Harry Moody,AI64094,2013-07-28 20:08:42
59143378,Hannah Adkins,BJ29466,2015-09-10 02:46:23
77502121,Joe Ross,ZM30276,2013-06-30 06:12:40
28284424,Judy Haynes,AB38965,2009-04-11 12:53:56
8607739,Ryan Koch,IG73816,2012-04-12 19:48:03
79227849,Debra Atkinson,JU66367,2012-04-02 04:40:22
45676296,Sarah Cisneros,OP68031,2010-03-25 20:19:23
19270725,Joseph Wilkinson,AB73984,2012-10-13 01:37:04
61582415,Aaron Peck,AW2159,2010-10-22 18:30:00
70122384,Douglas Dixon,SB50149,2010-04-07 02:46:42
42672777,Ethan Woods,ZC18254,2015-05-25 07:36:10
8841836,Patrick Cowan,DK98969,2014-07-20 17:26:26
45027359,Ethan Beltran,BZ54050,2011-04-02 03:42:27
7155759,Megan Dickerson,SE1798,2012-02-16 01:43:23
89908731,Marilyn Rivera,GR16721,2014-02-28 11:29:59
15228266,Joan Cherry,SU20075,2012-01-31 09:40:09
72632508,Dennis Blake,OG7058,2014-10-05 06:28:01
36003092,Denise Oneal,GA17815,2007-10-02 07:52:59
61953291,Alexander Donaldson,WE6593,2013-01-25 00:19:10
20964957,Gerald Atkinson,KA59992,2012-11-06 12:53:48
20348596,Hannah Zhang,CP31384,2012-01-08 08:39:36
95765922,Anthony Velazquez,ZI61647,2013-09-16 15:22:36
9117643,Mildred Wade,NH9598,2016-09-18 23:53:42
19524988,Lisa Watkins,BT19158,2010-10-23 01:53:41
32742092,Shirley Weaver,UK50931,2012-05-16 21:19:05
47764864,Katherine Mercer,JT6683,2009-03-28 00:18:18
88257379,Benjamin Mueller,LI79096,2012-06-24 09:43:59
49747566,Michelle Carrillo,JN51845,2012-12-30 10:37:12
43148332,Joseph Preston,JI56879,2008-07-17 19:21:17
39108962,Patrick Wong,QQ7402,2014-09-22 16:41:13
66333379,Scott Grant,TE54103,2011-07-27 16:46:56
28357728,Jacqueline Romero,PG36789,2014-10-25 02:56:42
16541928,Eugene Ali,DS67767,2016-03-03 22:22:16
12731618,Doris West,JP41992,2008-10-11 02:37:01
29686028,Beverly Reese,QY10889,2011-06-12 01:43:00
54159194,Robert Lyons,TS15100,2015-03-16 10:54:25
73617383,Theresa Haley,DL51527,2013-01-20 19:46:34
98907412,Alan Bowers,AQ85861,2013-02-18 14:05:34
20948867,James Phillips,HB63948,2008-01-03 03:16:12
72396344,Harry Perry,IY98884,2015-10-29 07:28:42
79465993,Daniel Mcgee,QG54568,2016-01-25 16:38:54
55855127,Sandra Byrd,JQ59715,2012-06-29 11:29:19
79195272,Katherine Moss,CQ10921,2010-03-28 17:02:03
54957787,Diane Rhodes,GO20005,2008-01-17 04:04:38
83006960,Willie Larson,WS7076,2012-09-10 23:09:12
59214665,Keith Mahoney,ZI57324,2010-07-14 16:28:35
76311680,Justin Johnson,ZU74280,2008-03-12 15:24:20
97813862,Sandra Vargas,DY47187,2011-08-23 06:32:06
52236265,Jean Hoover,VN37419,2013-07-12 15:13:40
71529450,Ruth Reid,BT4926,2014-12-03 08:10:00
33174395,Sandra Esparza,TM91032,2009-12-09 14:03:42
26345232,Sharon Price,VP73818,2012-11-20 09:41:29
19795657,Emma Maddox,CK51541,2007-12-17 02:00:02
3877911,Mary House,MT60743,2014-11-22 01:59:52
41240710,Lisa Chen,HT78401,2016-06-22 02:10:47
16952749,Kevin Wyatt,KX94631,2007-10-18 05:16:12
81985402,Gerald Mcgrath,IC12729,2007-11-03 06:23:02
94071000,Randy Newman,QT44115,2016-03-22 05:07:55
79195358,Jordan Watson,CB67597,2011-03-11 11:52:01
9346977,Kyle Boone,HG21257,2009-07-21 12:02:16
5107045,Patricia Barker,PE94521,2009-09-23 16:29:27
30268137,Billy Matthews,UR55363,2014-06-24 08:27:55
57660995,Scott Camacho,RJ49908,2014-12-20 20:02:39
80780322,Wayne Poole,ZR68840,2012-03-16 00:18:13
28949611,Catherine Richards,RJ37337,2012-03-19 06:22:57
42827507,Carol Sanders,IC91163,2012-12-14 16:27:19
67473205,Louis Middleton,JO20001,2010-03-10 12:39:52
63599060,John Stanton,CU36843,2011-08-02 15:34:46
11205698,James Estes,DY72347,2010-06-21 17:38:18
74973585,Albert Ho,ML44837,2012-11-13 03:14:09
43560200,Christina Ford,DC67754,2009-05-18 10:31:35
26783390,Charles Holmes,EZ89864,2016-08-15 00:32:14
5400781,Scott Baker,RJ2669,2011-07-10 05:44:46
68773586,Douglas Rodriguez,HY14785,2008-05-12 13:30:28
14302045,Christopher Clark,FG8619,2007-12-22 15:57:37
93756387,Danielle Wu,TT36939,2013-02-26 12:49:20
95306672,Charles Jacobs,CU94235,2010-06-08 11:16:26
35780558,Lawrence Poole,PY50345,2009-02-24 04:14:46
96616063,Raymond Oconnell,LG42236,2016-06-15 12:58:24
81470432,Brenda Schroeder,AL14717,2013-11-16 01:48:03
98682853,Ruth Khan,TU21762,2014-04-01 05:06:43
62945061,Roy Mcconnell,LW24158,2012-11-21 18:26:05
48715480,Amy Barry,TP70431,2015-11-23 18:39:49
99610237,Margaret Robbins,HP67188,2011-11-17 22:13:08
78144148,Patrick Deleon,GN6999,2013-04-20 08:09:49
7942047,Emily Melton,US47093,2014-10-27 05:07:46
76704485,Janice Atkins,CB56470,2015-07-26 04:07:11
90503902,Roy Booker,TE59746,2009-01-06 04:12:43
94277397,Ralph Roach,DQ42613,2012-06-16 04:29:36
9607226,Vincent Mcconnell,MB52926,2014-12-31 15:31:10
78750378,Heather Harrell,IX63095,2015-07-10 10:10:22
13330747,Lauren Ochoa,ZW47489,2015-03-10 03:02:20
42027734,Kathryn Barnes,BW43954,2015-07-06 18:16:32
96953045,James Fitzpatrick,VZ37104,2014-03-18 07:23:52
94302723,Bryan Mccormick,ET40903,2011-03-01 09:24:38
18260778,Roger Cowan,BW43954,2015-07-02 13:59:44
60240879,Linda Logan,LP30197,2015-03-12 10:53:57
40258631,Sarah Knapp,IF39369,2011-02-04 20:47:14
15818500,Bruce Pennington,AX69944,2013-12-08 21:43:04
15929467,Lauren Wheeler,SF88018,2008-09-07 11:39:14
31777755,Howard Taylor,YT86537,2013-01-04 09:33:30
88031025,Keith Friedman,AG30279,2015-06-24 14:39:55
17125974,Louis Garza,SN73647,2015-12-22 14:22:47
41239141,Nicole Stanley,EX25746,2008-07-17 09:29:20
89630328,Jonathan Knapp,WA77936,2016-03-20 23:55:34
44710873,Terry Reilly,GW29851,2007-12-16 16:55:13
42336156,Kathleen Mayer,YD58244,2012-08-22 21:35:02
50523976,Stephen Curry,XW96886,2011-11-20 23:09:08
94804696,Katherine Novak,XP65315,2011-11-16 18:39:28
36905712,Jason Cline,HV53103,2015-01-08 16:37:38
71553143,Lori Bell,MD96138,2008-03-03 19:59:04
70372764,Maria Hebert,CS74716,2012-11-25 10:47:21
10810015,Amanda Lowery,WX65665,2009-10-09 04:36:05
22829356,Amy Mclean,TU4397,2012-04-09 18:05:26
16112721,Justin Lam,AC55126,2015-05-04 11:30:21
24913005,Joan Lowery,GN78515,2010-06-29 13:12:04
46733983,Laura Galloway,FZ70567,2015-09-16 22:17:36
22808520,Cheryl Roach,PR16701,2014-09-09 02:51:12
95249846,Nicole Vance,QH4838,2015-10-14 13:18:24
98884114,Deborah Johnson,RR97011,2011-01-13 03:45:11
25330500,Barbara Gentry,ZM39467,2011-07-03 15:11:28
58851570,Olivia Bridges,ZI57695,2013-02-27 04:46:37
55150858,Kelly Franklin,FY49743,2008-12-12 18:59:42
88706400,Marie Haynes,DN84324,2014-11-25 01:55:24
57552030,Bobby Pena,BX69248,2009-03-22 11:18:16
33154374,Steven Fitzpatrick,OI91444,2014-09-26 08:39:57
78873007,Alexander Mccarthy,YK84205,2013-10-02 08:43:47
17357261,Albert Vaughan,AF55586,2010-04-18 17:15:31
34340499,Steven Macias,WW19670,2009-01-06 19:59:14
94337685,Kimberly Dickerson,WD87908,2013-05-28 23:58:08
42454218,Susan Rodgers,BC92525,2015-04-28 14:37:21
19013513,Debra Smith,IV63662,2009-06-07 20:52:41
38346390,Jacob Roth,II58589,2013-01-31 04:05:08
96666368,Diane Wolfe,BL97289,2011-06-12 01:53:43
48134728,Brenda Glover,AA28693,2009-07-16 16:48:06
40892143,Shirley Kennedy,VW42092,2015-04-24 09:50:44
61608275,Jacob Frost,DD6877,2012-08-15 15:07:22
31805277,Doris Decker,AC55126,2015-04-11 23:45:16
7015100,Mildred Cunningham,UE50011,2014-10-30 08:00:55
92340206,Kimberly Farley,JQ2797,2016-09-08 09:51:19
63840182,Julie Lester,OG23333,2009-10-27 10:21:55
76838180,Alexander Everett,ZQ7893,2012-02-26 23:43:21
45328669,Patrick Vincent,EP54257,2010-03-09 19:04:00
46379281,Linda Walls,TW91080,2008-12-06 21:15:57
96272388,Doris Kirk,CY93704,2014-12-31 16:46:30
58358297,Carl Allen,UY85120,2009-11-14 19:07:48
92727051,Kathryn Palmer,KZ98828,2011-01-16 14:03:26
63480466,Samuel Soto,NZ3058,2011-06-24 02:38:08
11912804,Jeremy Dillon,GG41655,2009-08-26 17:48:48
72851984,Victoria Jensen,AH60858,2007-09-26 09:21:14
9536478,Karen Nixon,NP17110,2015-05-11 11:48:33
40443493,Christian Shepherd,JE31074,2015-11-29 09:56:47
94289704,Julie Roman,ZQ62303,2012-03-21 19:38:48
19293290,Kathy Hebert,TX29329,2009-07-18 23:49:58
31660870,Pamela Gilbert,NB3626,2010-09-04 16:04:09
3155765,Marie Kemp,AK96259,2013-08-16 08:10:27
94507917,Janice Mcdaniel,RL9710,2011-06-15 08:06:44
23173711,Mark Johnson,JT53520,2011-11-19 14:04:30
79434201,Danielle Molina,IP99288,2011-05-06 22:35:38
30251596,Madison Cline,XR32477,2013-08-11 01:12:54
21285034,Sarah Nielsen,GB60993,2014-06-22 00:54:39
28144213,Ronald Murphy,QY64222,2014-06-18 06:46:03
38538446,David Fritz,GV59374,2013-02-19 15:39:43
90084401,Judy Gilmore,QO82858,2015-05-17 20:09:07
16114276,Alan Werner,KI89960,2009-03-04 17:25:00
19065413,Lori Baker,UM40824,2009-06-25 15:10:21
35959379,Angela Ortiz,EJ17713,2012-09-29 23:52:50
71623213,Jane Ponce,DC88141,2011-05-20 22:20:45
39722833,Jonathan Peterson,AT27440,2010-08-24 19:12:43
62841018,Ryan Pollard,NH37979,2008-12-17 20:11:22
51797628,Teresa Hodges,BQ32938,2012-05-23 21:00:52
48581937,Donna Erickson,SL86961,2013-10-27 18:18:48
17237256,Pamela Hester,TD82102,2009-04-06 22:32:08
37774949,Grace Drake,RN68615,2010-11-01 20:28:18
36336380,Helen Huynh,QG57945,2014-06-30 17:36:15
40254934,Steven Tanner,FG41746,2011-03-05 07:53:20
59244210,Aaron Hartman,MW26585,2012-08-03 14:03:41
67093419,Joan Mora,PV21582,2009-11-15 23:24:35
99687615,Mark Hatfield,DE21448,2014-11-07 03:03:08
42073492,Douglas Stevenson,BM13721,2010-01-10 06:01:53
59478005,Julie Hooper,EZ89864,2016-11-18 05:59:00
32093391,Marie Hancock,XL16354,2015-12-18 01:36:56
96234550,Janet Peterson,LW29355,2009-08-08 15:48:11
56118002,Henry Moss,RF31638,2010-10-06 01:57:55
17180826,Keith Juarez,QY10889,2011-06-13 11:24:14
25399427,Patricia Beltran,HJ85362,2013-03-10 15:06:37
84507793,Donald Pennington,YF82974,2011-06-15 17:59:38
40699222,Harry Ali,JE72108,2016-03-06 13:47:15
37776807,Ann Coffey,PU81532,2015-03-06 06:21:35
35889417,Rose Beltran,GZ11629,2016-02-11 02:11:57
66243080,Jesse Frank,HG30047,2008-03-06 08:08:56
38094346,Amber Brewer,CT77183,2016-09-23 05:57:01
49551697,Keith Lewis,IA81493,2014-12-06 11:42:41
5213745,Billy Oliver,JC68517,2012-07-12 14:36:48
23391734,Kimberly Orozco,CV87280,2008-02-12 20:35:00
7977637,Betty Cox,HD13678,2012-07-20 18:29:29
94328050,Tiffany Reyes,MU56792,2014-05-29 23:37:57
81058989,Paul Sutton,JS28819,2016-02-02 03:40:47
98328508,Gary Burke,GL2406,2011-04-13 18:30:13
28495739,Kyle Ingram,EB82486,2012-08-08 07:27:15
69145897,Kevin Holden,ZA51473,2012-05-02 21:41:05
6719624,Cynthia Mitchell,PY50345,2009-01-12 01:19:11
81768705,Cynthia Frederick,HT72739,2011-11-10 00:45:12
62542691,Olivia Salas,WO13904,2015-08-20 13:11:25
72092844,Gregory Sellers,IM69186,2010-09-21 12:00:50
40244953,Catherine Wagner,OG49651,2015-02-12 05:44:39
93317880,Douglas French,TP92360,2010-10-04 21:02:51
89169118,Katherine Cooper,WR2271,2008-08-23 06:57:28
38434686,Debra Ali,GA17815,2008-01-28 17:32:20
73941166,Kimberly Diaz,AG52903,2016-05-13 09:47:33
79211212,Jack Alvarado,KH33266,2010-04-09 18:04:28
27701996,Bobby Jordan,AU42366,2012-08-24 19:15:42
64546645,Frances Pugh,FT25593,2010-05-21 01:50:42
75841901,Kathryn Braun,AH19876,2008-12-27 03:40:46
72113506,Scott Norris,QX24130,2016-04-12 10:48:28
30651596,Tammy Ayers,JB28303,2009-05-04 12:41:09
34231955,Shirley Mays,HS57556,2008-09-23 19:23:17
6731732,Philip Dougherty,QC31163,2016-11-26 04:51:41
9203044,Brenda Nielsen,ST59277,2012-06-18 16:40:51
64936552,Jacob Boone,AZ60511,2008-03-06 09:10:37
33993102,Roger Conrad,BE48045,2014-11-19 08:07:39
64292743,Betty Moses,ES31497,2014-04-10 11:07:17
43964230,Ann Krause,QZ91028,2012-02-21 08:10:00
46612256,Heather Ho,OT4659,2011-06-16 23:45:27
91651099,Lisa Avery,KR92457,2009-05-03 11:26:38
30027003,Deborah Odom,FA43099,2009-03-27 05:06:07
22251608,Evelyn Mills,AD18005,2012-06-03 03:43:52
12440250,Kelly Navarro,AC18028,2013-10-14 20:23:19
47243786,Jeremy Hall,NC63256,2013-04-18 16:19:26
72533501,Bruce Owens,RU91493,2015-02-18 13:17:03
98376064,Melissa Brown,JQ25818,2013-11-06 10:38:10
37413549,Christian Dixon,VT97422,2009-02-24 12:44:59
89125781,Andrea Conley,HZ87438,2008-11-16 21:57:58
62058656,John Donovan,KT79485,2007-11-29 17:30:22
6300466,John Valdez,RJ49908,2014-11-07 23:37:14
60293987,Michelle Briggs,AU84769,2009-01-27 09:38:36
79950183,Ruth Watkins,EK15922,2011-10-13 09:30:25
47051370,Bobby Vincent,BZ69632,2007-12-05 12:00:04
17620996,Lisa Nelson,VU82298,2007-11-17 16:21:06
59577700,Kevin Mccann,UL48118,2007-12-29 02:29:01
97186457,Richard Davidson,LQ24821,2011-10-29 20:56:55
79287412,Victoria Cordova,JC68517,2012-04-11 01:08:50
69279085,Diana Gutierrez,NQ14467,2007-11-07 08:56:51
42201153,Margaret Ashley,PX10472,2012-05-21 19:38:41
49965470,Teresa Ponce,IX49408,2011-11-15 12:43:39
71477872,Theresa Baird,OP47532,2013-05-20 04:42:09
47445008,Beverly Ellison,NY5613,2013-01-27 11:52:44
77364984,Stephanie Good,ID97656,2010-02-11 21:27:43
67516163,Carolyn Gamble,HV26041,2011-03-13 20:58:37
34699600,Debra Gonzales,WL18415,2015-04-26 17:36:43
70564295,Michelle Mcconnell,IU59654,2015-05-22 23:39:33
50402093,Frances Cervantes,LQ29294,2015-04-30 08:13:15
17463637,Stephen Cowan,TF14165,2015-09-12 06:57:37
36864342,Michael Kirk,GF88893,2009-01-05 16:56:02
84488573,Harold Reid,EF92022,2012-04-14 22:57:20
28012243,Lawrence Sparks,NE64768,2014-07-23 14:26:32
74802630,Thomas Mcintosh,LC65250,2010-01-02 20:25:09
34190507,Henry Waters,GG50483,2014-01-09 13:59:54
19845689,Jordan Erickson,EC36628,2015-12-25 21:50:29
7190384,Douglas West,HH47765,2014-04-13 19:42:21
86375529,Bruce Prince,GY46756,2013-04-26 23:34:53
75379026,Cynthia Barnett,JO63932,2009-03-09 16:42:48
57898720,Lawrence Briggs,NM36511,2008-11-19 01:11:02
15232369,Gabriel Golden,XE45688,2016-01-09 13:02:37
95940929,James Ferrell,NO23046,2009-12-27 10:39:16
12176280,Thomas Leach,SI57172,2016-01-02 10:02:52
1388496,Mildred Shepherd,XQ5206,2013-02-25 02:50:17
34698904,Linda Ali,TZ86642,2013-09-14 08:02:40
30937904,Joseph Mays,GU29059,2015-07-19 12:22:21
18294431,Sean Everett,AI64094,2013-05-13 10:56:59
50185990,Paul Stuart,TL94621,2009-02-27 08:37:23
87141459,Jeffrey Mays,BP29784,2009-02-07 07:23:04
2549443,Gregory Cain,AZ42850,2011-11-16 06:16:16
88177724,Ethan Schroeder,BR43757,2011-11-15 08:48:51
89721413,Donald Farrell,XQ50838,2008-04-19 19:25:43
50034702,Melissa Mccall,FZ77989,2014-10-08 14:57:43
80031703,Jonathan Charles,WC15987,2015-11-26 23:31:32
50372464,Angela Cruz,ZJ59509,2015-02-04 01:21:07
6515310,Jacqueline Harvey,AX9940,2013-11-08 12:33:19
37426253,Ashley Camacho,IL90449,2008-07-15 16:19:00
69920061,Patricia Baxter,HC35656,2014-03-18 14:09:19
27219417,Pamela Montgomery,XT65743,2014-03-07 22:27:17
7361208,Jesse Chase,NN19047,2013-12-20 17:57:37
49606961,Philip Haas,LQ29294,2015-04-13 04:28:48
1177157,Angela Chung,KK74369,2013-11-10 04:49:37
45001762,Nicholas Cain,LH91296,2013-05-25 08:39:14
24603854,Janet Brennan,JS39808,2008-08-20 18:20:25
71660683,Beverly Pena,MV32646,2016-04-26 12:11:11
28438450,Christina Jimenez,VK49763,2013-07-26 07:55:12
79413191,Justin Cooke,XO80468,2010-07-04 22:00:44
81368081,Jessica Stevenson,PN44684,2015-08-11 22:10:28
38169226,Karen Mcclain,ZX83827,2013-06-08 15:03:42
59739540,Carol Lowery,HF41361,2008-06-04 16:36:28
11529133,Kathryn Edwards,LX12392,2014-10-17 21:32:16
86987499,Peter Sherman,MS47672,2015-10-30 13:17:55
52839095,Gloria Greer,NZ9912,2011-04-20 07:21:50
76693721,Margaret Chandler,ID54190,2010-01-22 11:35:26
95985018,Ashley Mercer,VO48707,2010-09-27 03:56:50
10302949,Patrick Mills,PK9697,2013-01-28 05:05:17
47155061,Tammy Day,AK96259,2013-10-31 16:54:05
12423851,Jonathan Carlson,PE80493,2014-03-07 08:12:53
93962115,Ryan Hendrix,WN95553,2009-01-26 23:54:27
58261429,Jacqueline Schaefer,FW73904,2011-09-08 15:58:14
43117593,Joan Summers,LD53293,2012-10-15 06:57:43
94624121,Alexander Wagner,BN11650,2012-08-14 14:02:29
30029377,Karen Brandt,EA58819,2013-12-25 08:09:10
66453062,Lauren Skinner,SN73647,2015-12-02 21:25:22
22887389,Debra Mcbride,DD48770,2008-06-24 21:09:00
3712626,Mark Davidson,BV76179,2010-07-29 07:55:25
98492052,Douglas Choi,YP70181,2008-05-30 00:36:49
4116718,Samantha Stuart,QR78520,2015-11-24 13:59:02
42551214,Joyce Ibarra,DT36412,2015-10-21 20:53:09
35202273,Doris Kirby,FS97385,2012-07-13 09:06:47
26530967,Jane King,NZ94388,2016-03-02 06:30:02
74657071,Jennifer Curry,VK47096,2008-08-10 08:51:43
50689897,Frank Avila,PU50089,2013-03-21 15:50:36
55164407,Linda Donovan,AC82854,2008-04-26 19:46:38
61090586,Terry Kelley,TI6399,2010-07-13 11:05:02
80594569,Dylan Weiss,WV94549,2013-02-03 20:22:39
1735167,Kenneth Bautista,WC69625,2007-09-12 14:25:04
12231202,Donna Lara,IZ44389,2008-03-12 11:56:03
65154777,John Hancock,JZ46187,2015-02-22 08:37:45
93486078,Barbara Chandler,RV64189,2008-12-15 06:08:24
28579778,Donald Mcbride,NX98681,2009-07-10 06:43:22
37053243,Frank Sampson,ED77465,2015-06-22 01:23:04
40207689,Sara Melendez,QL62059,2011-02-21 12:30:59
41225296,Joshua Richmond,TH90621,2015-04-28 01:11:48
1841839,Kelly Santos,UL27800,2016-06-22 17:27:24
71904135,Lisa Nixon,UX84819,2010-11-26 08:44:18
62812425,Thomas Kent,AR30431,2011-02-12 05:24:35
45898215,Jane Wu,EG41797,2012-09-30 15:41:00
29584101,Kathy Herrera,JJ27864,2008-02-27 05:43:16
78320430,Debra Lowery,WJ8592,2008-10-31 02:22:28
94918801,Scott Mullins,IY95673,2012-06-20 21:05:58
55781014,Tammy Hahn,PS11097,2014-05-28 16:17:24
56250570,Nathan Cisneros,PT22723,2011-08-12 22:48:16
83494642,Diane Goodwin,HX12642,2016-08-19 22:36:56
96614403,Shirley Graves,MH74109,2014-09-24 23:44:06
22625237,Austin Christensen,OF19493,2011-06-21 05:31:30
41358673,Ashley Estes,NE94673,2010-02-12 00:08:31
78106871,Peter Mckee,CR86258,2012-11-26 09:32:44
96939308,Samantha Hendrix,PB47793,2016-06-28 09:24:05
53230239,Stephanie Lang,TP92360,2010-11-14 20:49:26
60498735,Albert Harris,SH72815,2009-06-06 22:07:35
9401923,Patricia Fernandez,UN53028,2010-02-25 00:23:50
21116157,Kyle Walker,CB98971,2015-05-07 07:23:35
51131152,William Goodwin,JC38503,2008-10-05 05:50:21
61101985,Catherine Rivera,PC17314,2009-12-27 02:41:45
41547750,Amy Bowman,OA51194,2014-07-07 17:21:24
26017182,Mark Knox,FM32783,2009-09-25 09:33:28
15299510,Peter Bradford,WG38051,2009-09-05 19:30:26
78158674,Patrick Rivas,JN43413,2015-06-05 13:13:41
48477445,Rebecca Santos,QS37026,2011-02-11 22:07:20
61251794,Linda Mack,QX46270,2010-12-01 16:59:10
43305169,Ethan Compton,TL82535,2014-06-26 00:21:10
11778691,Joan Pruitt,VC48775,2008-02-12 12:32:28
58164889,Denise Logan,LI34716,2015-12-21 17:21:50
19769627,Joseph Andrews,YV92461,2015-10-31 04:31:28
53681167,Karen Kaufman,LQ57080,2008-08-27 20:22:18
94437753,Willie Foley,WB61543,2012-03-31 18:52:13
86525142,Alan Taylor,RZ4959,2013-12-13 17:19:40
52289503,Tiffany Daugherty,JW21841,2015-05-31 04:25:26
65848773,Kayla Mcdaniel,ZK19794,2010-11-07 05:50:13
76381697,Joan Brady,ZB78213,2010-04-17 03:40:24
80797396,Arthur Cordova,EB71384,2014-08-06 00:28:48
64366025,Kyle Mathis,UR24176,2016-02-18 12:05:47
73890526,Samantha Alexander,OK51523,2015-05-27 02:05:29
86172194,Brenda Drake,RQ22545,2013-08-25 09:38:40
96211110,George Chavez,FU65810,2016-07-23 20:04:00
15395636,Hannah Townsend,JZ40072,2016-03-20 05:12:56
14886535,Tyler Garrett,FQ35099,2008-01-25 17:00:32
37360809,Jerry Rosales,LT43350,2010-01-08 06:01:35
62346650,Brittany Ochoa,WZ30595,2012-09-03 15:12:05
66643878,Alice Contreras,OT66551,2008-01-04 20:56:07
42950824,Edward Mcdonald,KA73618,2009-03-07 10:13:01
88360654,Diana Hendricks,VN80932,2009-05-12 21:17:08
21875022,Cynthia Escobar,EH75275,2012-07-02 18:10:13
6184953,Frank Miranda,SJ77569,2013-10-26 14:06:29
5096361,Brenda Stokes,PR31386,2014-05-04 07:05:40
79394463,Carol Romero,AG11414,2011-09-19 18:25:20
31438591,Karen Coffey,HE36309,2009-02-20 03:51:29
88204178,Walter Frye,MH42056,2011-10-10 18:11:18
57262394,Megan Liu,VW63803,2014-03-18 21:40:54
91915942,Timothy Jarvis,GM39599,2013-03-02 02:12:56
9620306,Michael Guerra,JN43413,2015-02-04 07:55:38
7555345,Ethan Saunders,RC71093,2007-12-28 13:13:58
32332591,Tiffany Pugh,KB59447,2008-06-23 07:08:19
98924829,Frank Robinson,BN11650,2012-12-08 11:12:58
88337115,Larry Best,SI96721,2015-08-15 07:29:08
70793210,Kathy Forbes,VF61325,2007-11-02 13:05:12
39245002,Pamela Warner,WX65665,2009-09-20 13:06:31
54772741,Joan Rubio,HL89169,2014-05-30 20:46:57
45733245,Jean Hudson,NY73454,2014-03-02 13:26:44
72245675,Frances Farrell,KG30926,2015-05-26 02:09:00
85319667,Zachary Hutchinson,TD82102,2009-05-04 08:18:22
67833191,Sara Shelton,XA12097,2010-05-06 07:00:05
71085578,Barbara Schmitt,IU77885,2016-02-03 04:26:28
68086963,Edward Blair,AB12075,2011-12-29 04:25:56
44551450,Peter Mayo,TO79734,2016-08-02 18:02:38
95936451,Jesse Schaefer,NG57922,2011-11-30 14:12:59
12435299,Marilyn Joseph,JM8367,2012-03-28 07:17:03
79684319,Ralph Ochoa,VD10683,2016-02-26 15:33:08
72707183,Kayla Navarro,HE65507,2009-11-30 22:27:10
14791558,Carolyn Sexton,PB60207,2013-01-23 06:11:33
76041876,Emily Schneider,JN99474,2015-07-22 09:58:17
90579436,Evelyn Vasquez,QO19336,2011-07-15 00:18:04
83029322,Danielle Wilkerson,QS51199,2008-05-11 12:57:31
98481765,Olivia Escobar,LK96421,2012-04-12 19:44:55
24257430,Jennifer Solomon,CN1459,2014-09-08 16:19:45
70111756,Douglas Paul,ZX55395,2013-01-22 23:19:39
20624171,Richard Bates,CC76076,2011-08-16 21:28:22
34836168,Thomas Chase,FS54165,2007-11-11 06:52:11
32812268,Christopher Church,WG6429,2010-11-02 09:00:42
24826676,Katherine Bush,ZY77865,2008-04-30 02:35:28
55717512,Joyce Johnston,UY54310,2009-05-04 02:26:52
61741317,Aaron Thornton,AA22518,2011-11-08 14:21:03
11535569,Stephanie Yoder,TS15100,2015-01-04 08:38:09
37971953,Charles Mayer,HR92829,2012-10-16 13:18:22
38843119,Alexander Espinoza,JS28558,2014-02-27 23:22:12
16289664,Lisa Pearson,NP21653,2015-06-29 16:03:08
26516452,Joyce Dyer,FE92517,2011-04-17 20:33:06
80680611,Laura Kemp,QF13260,2009-03-16 11:24:56
69337141,Karen Sanford,JM8367,2012-03-17 17:04:27
32470386,Jeffrey Barnes,OJ44858,2014-02-07 18:15:00
64512857,Emma Wallace,ZS32265,2013-09-26 09:34:04
49476822,Terry West,MU29313,2014-01-10 18:03:59
85989512,Michelle Lewis,QZ39790,2013-11-17 21:44:34
55291295,Roger Simpson,DO87615,2016-07-23 02:22:18
93026411,Lauren Stafford,DC22094,2016-01-24 13:05:50
82526285,Amber Johns,IQ17598,2011-02-17 15:38:59
63783823,Jack Greene,KN38410,2008-11-04 01:16:09
8965448,Paul Ayers,CM88707,2007-12-06 13:11:08
85430120,Sandra Carlson,IR44173,2016-08-06 04:07:01
94390280,Anna Fields,RV64189,2009-03-18 19:21:56
71081165,Deborah Black,PY12459,2010-02-21 02:28:15
60084925,Howard Stephens,TY7369,2009-01-15 03:59:47
62349056,Lori Roberts,WO13904,2015-09-02 09:46:45
59168041,Alice Price,IN38755,2016-09-23 06:22:58
43863971,Stephanie Moody,IH57872,2015-11-14 19:49:56
87192107,Donna Barrett,XM39307,2008-12-09 20:59:33
68367377,Marilyn Roach,LX12392,2014-11-22 11:11:57
50951864,Kimberly Andrade,AO16805,2014-01-13 03:58:26
50337599,Carol Carr,BP72657,2012-12-26 04:56:50
11552880,Thomas Olson,GY93308,2011-09-27 08:35:38
93158531,Bryan Santiago,AW2159,2011-04-07 19:16:24
66110933,Noah Aguirre,KS59292,2012-04-06 19:48:31
19056980,Aaron Chapman,OH91696,2013-09-02 15:42:11
75777655,Marie Larsen,LA46364,2014-01-10 22:32:11
66140282,Paul Mathis,BV76179,2010-06-14 12:06:14
10048216,Kathleen Higgins,DT10964,2011-10-26 01:43:19
7837650,Julia Mahoney,VP47088,2012-03-16 23:54:52
57910400,Dennis Boyer,VY38598,2015-11-30 19:00:30
60680615,John Gibbs,GE44792,2010-08-30 14:51:35
56369044,Patricia Bridges,SB43428,2010-08-30 09:47:16
1367499,James Barrera,RK83432,2012-06-21 14:35:05
70966960,Harry Andrews,JB71697,2012-05-09 07:56:16
85589514,Patrick Dudley,AC96197,2008-04-27 13:17:08
28097571,Jesse Hammond,KF73344,2010-07-30 09:28:32
51902684,Theresa Leblanc,UF63056,2011-05-09 03:36:16
26689385,Sandra Ponce,NP39095,2010-05-09 15:48:34
31187735,Donald Rocha,UK29579,2013-10-21 22:59:33
46793978,Samuel Hall,QJ56544,2016-07-18 22:03:07
8289352,Elizabeth Dean,AI95449,2011-07-29 08:32:16
20027332,Sean Fields,ES28927,2012-07-10 14:25:24
35598525,Steven Fisher,SM50048,2008-11-19 17:19:18
41062637,Matthew Leon,RL43862,2007-10-27 15:07:18
39761539,Pamela Mclean,NK85741,2012-01-10 02:50:31
20414295,Olivia Hendricks,KS14018,2008-04-27 19:23:48
62132214,Arthur Schaefer,UF61391,2012-10-19 10:38:08
60912245,Roger Schwartz,SD73517,2011-05-07 13:30:42
9986211,Edward Phelps,MW41037,2011-05-10 14:46:16
30692015,Jeremy Chapman,QM50842,2010-03-23 20:37:50
75693186,Joe Buchanan,UQ48038,2015-12-10 16:18:44
62852221,Harold Roman,YB75938,2015-12-20 18:33:36
4110858,Patricia Miles,JS39808,2008-09-01 06:02:23
78661572,Nicole Wallace,FH32201,2016-06-28 17:19:13
31505469,Vincent Chan,WP4100,2013-08-16 21:39:07
56571352,Linda Meyers,TN55969,2016-07-09 21:01:18
61452729,Jordan Livingston,TH90621,2015-04-07 15:27:35
91410669,Jason Holt,LZ36196,2010-04-27 04:50:37
57573565,Harold Wallace,UQ13318,2016-06-12 22:49:49
46839452,Emily Benson,BQ56557,2009-05-15 13:04:46
49034892,Jean Haas,YV10297,2013-07-17 12:15:56
59160316,Victoria Stevenson,VB97288,2014-01-22 16:11:44
69303928,Aaron Robinson,RT95725,2012-03-22 19:09:12
52130562,Jennifer Brennan,FZ78181,2014-06-04 06:36:30
25533205,Kimberly Rodgers,TP97092,2010-04-07 04:47:54
43411894,Rebecca Stanton,NE3398,2009-01-18 05:50:45
16961232,Deborah Mosley,OS7371,2009-04-10 03:58:40
82035031,Charles Glover,BJ75109,2014-02-05 17:11:00
67176203,Jacob Garrison,WF52906,2008-12-15 13:51:08
82116135,Paul Lynch,GN64761,2016-01-28 02:02:48
53028500,Dylan Martin,EF8098,2010-01-14 22:50:48
26939674,Judith Watts,DE24302,2009-12-23 06:31:52
97623709,Mary Calhoun,KZ20666,2010-09-21 19:42:54
98686341,Richard Erickson,DX72335,2010-08-14 02:11:49
35936670,Joseph Cummings,RG49482,2009-08-22 14:33:39
28538711,Harold Wilson,IL59211,2013-02-19 16:51:07
33135166,Bruce Bartlett,ZM30276,2013-07-11 18:24:12
70710485,Julie Spencer,IP99288,2011-07-11 22:48:09
14753566,Donald Thompson,SN7986,2008-08-15 13:36:22
42346647,Nicholas Mcconnell,IT96795,2013-03-18 17:13:20
55847868,Samuel Evans,ZI61647,2013-12-31 07:13:57
61509321,Ethan Jennings,PV21582,2010-03-11 11:46:27
68120641,Kayla Christian,YE2794,2012-02-01 02:08:27
70955932,Olivia Dorsey,OG7058,2014-12-14 04:11:53
26853318,Ann Petersen,LW49352,2015-12-29 10:22:43
29045911,Harry Cunningham,JU45558,2015-11-14 05:43:37
85523143,Benjamin Malone,PQ77059,2016-07-12 00:56:26
4483772,Frank Levy,TE49472,2012-03-09 16:17:49
49704552,Elizabeth Hickman,YV10297,2013-02-25 04:31:37
20801012,Jean Ruiz,OA89892,2008-08-02 18:12:09
50120757,Robert Elliott,QG57945,2014-07-14 00:06:22
23252055,Christina Baker,OP1197,2011-05-18 17:34:14
40680082,Donna Vang,TG73955,2015-10-06 14:45:40
71539756,Andrew Mcgee,NW36033,2010-10-24 20:21:52
15802871,Melissa Horne,TO4554,2012-01-28 14:31:50
94280656,Jerry Wolf,QU31299,2012-03-27 05:15:27
70297678,Robert Logan,DK67272,2007-10-05 22:33:17
12516293,Edward Cline,TC37599,2015-11-02 09:27:47
6590432,Lisa Hart,AD18431,2016-07-19 16:22:09
8455877,Gregory Zimmerman,ST1237,2011-06-02 17:01:44
72668775,Julia Morse,DQ42613,2012-06-28 13:22:53
52568976,Philip Holloway,TP1166,2008-06-22 06:07:16
68370131,Richard Owens,NF82475,2010-07-28 16:38:37
92244146,Jean Chambers,ZM39467,2011-08-27 00:24:55
61450305,Jeremy Valencia,QH19369,2013-10-14 07:00:08
19333844,Elizabeth Beard,ZC94343,2009-10-22 19:05:42
27101344,Alexander Potts,RJ2669,2011-09-14 01:21:25
30479534,Melissa Barron,VC91328,2013-03-06 15:46:02
45915336,Douglas Blackburn,ZW90440,2012-02-06 15:40:39
40238036,Ronald Rodriguez,PI58761,2010-11-24 17:22:54
75254045,Carolyn Chen,QK10312,2008-11-10 12:14:41
9303021,Christian Moon,WJ38740,2014-07-21 12:50:53
40350787,David Vaughan,DY88258,2014-09-06 18:27:42
48376285,Teresa Pham,FW52158,2014-09-20 00:39:54
90063431,Dorothy Watson,NA98104,2009-08-01 05:12:54
27961525,Jesse Nguyen,IV73809,2015-11-11 13:23:30
59129313,Catherine Norris,DN84324,2014-06-20 02:05:48
83524803,George Hebert,QH4838,2015-12-13 13:22:13
28963962,Bobby Strickland,SJ17421,2008-04-05 16:07:53
56941775,Donald Vaughan,TP97092,2010-01-21 16:33:22
82366202,Jordan Palmer,GU29059,2015-05-13 09:57:08
50469465,Pamela Bird,WB52624,2015-11-06 11:25:20
60712294,Victoria Mathews,QJ56544,2016-07-07 20:30:39
2200112,Bobby Swanson,MB91172,2009-05-13 04:38:08
90719392,Judith Duarte,UU58478,2014-06-21 06:15:53
97786180,Joe Hale,QX24130,2016-05-07 22:32:19
88229805,Patrick Bowen,CB98971,2015-02-26 19:33:46
85165963,Barbara Brooks,ML38497,2013-11-10 16:56:53
55368962,Doris Acevedo,PI58761,2011-02-24 21:52:59
19318775,Kimberly Bryan,OG7058,2015-01-27 03:14:18
53984106,Roger Odom,GF88893,2008-09-08 11:24:38
29705841,Brandon Green,ZP54043,2011-12-29 20:45:16
9431118,Kelly Boone,US47008,2014-11-02 19:33:06
55545244,Zachary Bright,OZ52584,2012-08-15 08:53:32
28236941,Rose Landry,WQ63985,2014-12-03 11:27:17
17222675,Johnny Rowe,ZZ26660,2014-11-12 01:17:19
54891408,Mildred Juarez,TP1166,2008-10-14 04:03:11
54786122,Megan Elliott,QO41672,2014-01-06 21:47:42
13592006,Roy Chaney,AV67725,2012-10-02 01:33:01
78171277,Samantha Patrick,SL11332,2013-04-04 01:43:18
38624317,Jeremy Parker,EC36628,2016-04-12 21:01:11
25072984,Eugene Miranda,OA40088,2015-07-20 13:39:13
12064067,Jacob Mendez,VS57855,2011-03-18 23:08:14
60143924,Tiffany Rivera,VO25153,2012-03-27 20:24:07
38247202,Julia Mcmahon,ME61111,2009-02-08 10:21:22
48877245,Julia Bruce,LS99240,2016-03-23 22:42:09
58355280,Russell Mcbride,CT62305,2007-12-27 07:40:46
52240370,Madison Huber,VP56700,2009-09-02 10:57:11
34212377,Diane Haas,LK57061,2012-09-12 12:45:15
32777851,Stephen Mccoy,GZ68591,2010-08-28 09:57:04
8506508,Samantha Copeland,CL75200,2012-03-11 06:36:02
80828285,Rose Lucas,AZ94871,2013-02-20 23:13:04
58769159,Patrick Petersen,UF61391,2012-07-15 19:21:06
82633990,Dorothy Krause,ZA66165,2014-01-23 00:34:28
5912972,Tammy Waller,EA40105,2010-04-17 16:17:50
48414569,Helen Bray,HN8544,2012-05-12 19:14:08
52564595,Johnny Bell,QG57945,2014-10-13 06:14:42
34699653,Donna Salinas,JZ93357,2016-05-23 13:09:05
62861614,Gregory Hamilton,TY65644,2009-01-14 19:03:50
36190164,Richard Mullen,QT77015,2012-03-15 19:39:02
6899548,Matthew Mann,RR33972,2015-09-06 08:21:20
11209537,Jose Wise,YG28666,2011-10-09 01:17:38
34586255,Judy Powell,ZJ59509,2015-06-05 20:56:03
80504441,Pamela Choi,JG51632,2015-01-30 04:47:53
